INSERT INTO county VALUES ('Trøndelag');
INSERT INTO county VALUES ('Oppland');
INSERT INTO county VALUES ('Oslo');
INSERT INTO county VALUES ('Nordland');
INSERT INTO county VALUES ('Telemark');
INSERT INTO county VALUES ('Hedmark');
INSERT INTO county VALUES ('Akershus');
INSERT INTO county VALUES ('Aust-Agder');
INSERT INTO county VALUES ('Vest-Agder');
INSERT INTO county VALUES ('Sogn og Fjordane');
INSERT INTO county VALUES ('Møre og Romsdal');
INSERT INTO county VALUES ('Finnmark');
INSERT INTO county VALUES ('Troms');
INSERT INTO county VALUES ('Hordaland');
INSERT INTO county VALUES ('Buskerud');
INSERT INTO county VALUES ('Rogaland');
INSERT INTO county VALUES ('Østfold');
INSERT INTO county VALUES ('Vestfold');



INSERT INTO municipality(municipality, county) VALUES('Halden', 'Østfold');
INSERT INTO municipality(municipality, county) VALUES('Moss', 'Østfold');
INSERT INTO municipality(municipality, county) VALUES('Sarpsborg', 'Østfold');
INSERT INTO municipality(municipality, county) VALUES('Fredrikstad', 'Østfold');
INSERT INTO municipality(municipality, county) VALUES('Hvaler', 'Østfold');
INSERT INTO municipality(municipality, county) VALUES('Aremark', 'Østfold');
INSERT INTO municipality(municipality, county) VALUES('Marker', 'Østfold');
INSERT INTO municipality(municipality, county) VALUES('Rømskog', 'Østfold');
INSERT INTO municipality(municipality, county) VALUES('Trøgstad', 'Østfold');
INSERT INTO municipality(municipality, county) VALUES('Spydeberg', 'Østfold');
INSERT INTO municipality(municipality, county) VALUES('Askim', 'Østfold');
INSERT INTO municipality(municipality, county) VALUES('Eidsberg', 'Østfold');
INSERT INTO municipality(municipality, county) VALUES('Skiptvet', 'Østfold');
INSERT INTO municipality(municipality, county) VALUES('Rakkestad', 'Østfold');
INSERT INTO municipality(municipality, county) VALUES('Råde', 'Østfold');
INSERT INTO municipality(municipality, county) VALUES('Rygge', 'Østfold');
INSERT INTO municipality(municipality, county) VALUES('Våler', 'Østfold');
INSERT INTO municipality(municipality, county) VALUES('Hobøl', 'Østfold');
INSERT INTO municipality(municipality, county) VALUES('Vestby', 'Akershus');
INSERT INTO municipality(municipality, county) VALUES('Ski', 'Akershus');
INSERT INTO municipality(municipality, county) VALUES('Ås', 'Akershus');
INSERT INTO municipality(municipality, county) VALUES('Frogn', 'Akershus');
INSERT INTO municipality(municipality, county) VALUES('Nesodden', 'Akershus');
INSERT INTO municipality(municipality, county) VALUES('Oppegård', 'Akershus');
INSERT INTO municipality(municipality, county) VALUES('Bærum', 'Akershus');
INSERT INTO municipality(municipality, county) VALUES('Asker', 'Akershus');
INSERT INTO municipality(municipality, county) VALUES('Aurskog-Høland', 'Akershus');
INSERT INTO municipality(municipality, county) VALUES('Sørum', 'Akershus');
INSERT INTO municipality(municipality, county) VALUES('Fet', 'Akershus');
INSERT INTO municipality(municipality, county) VALUES('Rælingen', 'Akershus');
INSERT INTO municipality(municipality, county) VALUES('Enebakk', 'Akershus');
INSERT INTO municipality(municipality, county) VALUES('Lørenskog', 'Akershus');
INSERT INTO municipality(municipality, county) VALUES('Skedsmo', 'Akershus');
INSERT INTO municipality(municipality, county) VALUES('Nittedal', 'Akershus');
INSERT INTO municipality(municipality, county) VALUES('Gjerdrum', 'Akershus');
INSERT INTO municipality(municipality, county) VALUES('Ullensaker', 'Akershus');
INSERT INTO municipality(municipality, county) VALUES('Nes', 'Akershus');
INSERT INTO municipality(municipality, county) VALUES('Eidsvoll', 'Akershus');
INSERT INTO municipality(municipality, county) VALUES('Nannestad', 'Akershus');
INSERT INTO municipality(municipality, county) VALUES('Hurdal', 'Akershus');
INSERT INTO municipality(municipality, county) VALUES('Oslo', 'Oslo');
INSERT INTO municipality(municipality, county) VALUES('Kongsvinger', 'Hedmark');
INSERT INTO municipality(municipality, county) VALUES('Hamar', 'Hedmark');
INSERT INTO municipality(municipality, county) VALUES('Ringsaker', 'Hedmark');
INSERT INTO municipality(municipality, county) VALUES('Løten', 'Hedmark');
INSERT INTO municipality(municipality, county) VALUES('Stange', 'Hedmark');
INSERT INTO municipality(municipality, county) VALUES('Nord-Odal', 'Hedmark');
INSERT INTO municipality(municipality, county) VALUES('Sør-Odal', 'Hedmark');
INSERT INTO municipality(municipality, county) VALUES('Eidskog', 'Hedmark');
INSERT INTO municipality(municipality, county) VALUES('Grue', 'Hedmark');
INSERT INTO municipality(municipality, county) VALUES('Åsnes', 'Hedmark');
INSERT INTO municipality(municipality, county) VALUES('Våler', 'Hedmark');
INSERT INTO municipality(municipality, county) VALUES('Elverum', 'Hedmark');
INSERT INTO municipality(municipality, county) VALUES('Trysil', 'Hedmark');
INSERT INTO municipality(municipality, county) VALUES('Åmot', 'Hedmark');
INSERT INTO municipality(municipality, county) VALUES('Stor-Elvdal', 'Hedmark');
INSERT INTO municipality(municipality, county) VALUES('Rendalen', 'Hedmark');
INSERT INTO municipality(municipality, county) VALUES('Engerdal', 'Hedmark');
INSERT INTO municipality(municipality, county) VALUES('Tolga', 'Hedmark');
INSERT INTO municipality(municipality, county) VALUES('Tynset', 'Hedmark');
INSERT INTO municipality(municipality, county) VALUES('Alvdal', 'Hedmark');
INSERT INTO municipality(municipality, county) VALUES('Folldal', 'Hedmark');
INSERT INTO municipality(municipality, county) VALUES('Os', 'Hedmark');
INSERT INTO municipality(municipality, county) VALUES('Lillehammer', 'Oppland');
INSERT INTO municipality(municipality, county) VALUES('Gjøvik', 'Oppland');
INSERT INTO municipality(municipality, county) VALUES('Dovre', 'Oppland');
INSERT INTO municipality(municipality, county) VALUES('Lesja', 'Oppland');
INSERT INTO municipality(municipality, county) VALUES('Skjåk', 'Oppland');
INSERT INTO municipality(municipality, county) VALUES('Lom', 'Oppland');
INSERT INTO municipality(municipality, county) VALUES('Vågå', 'Oppland');
INSERT INTO municipality(municipality, county) VALUES('Nord-Fron', 'Oppland');
INSERT INTO municipality(municipality, county) VALUES('Sel', 'Oppland');
INSERT INTO municipality(municipality, county) VALUES('Sør-Fron', 'Oppland');
INSERT INTO municipality(municipality, county) VALUES('Ringebu', 'Oppland');
INSERT INTO municipality(municipality, county) VALUES('Øyer', 'Oppland');
INSERT INTO municipality(municipality, county) VALUES('Gausdal', 'Oppland');
INSERT INTO municipality(municipality, county) VALUES('Østre Toten', 'Oppland');
INSERT INTO municipality(municipality, county) VALUES('Vestre Toten', 'Oppland');
INSERT INTO municipality(municipality, county) VALUES('Jevnaker', 'Oppland');
INSERT INTO municipality(municipality, county) VALUES('Lunner', 'Oppland');
INSERT INTO municipality(municipality, county) VALUES('Gran', 'Oppland');
INSERT INTO municipality(municipality, county) VALUES('Søndre Land', 'Oppland');
INSERT INTO municipality(municipality, county) VALUES('Nordre Land', 'Oppland');
INSERT INTO municipality(municipality, county) VALUES('Sør-Aurdal', 'Oppland');
INSERT INTO municipality(municipality, county) VALUES('Etnedal', 'Oppland');
INSERT INTO municipality(municipality, county) VALUES('Nord-Aurdal', 'Oppland');
INSERT INTO municipality(municipality, county) VALUES('Vestre Slidre', 'Oppland');
INSERT INTO municipality(municipality, county) VALUES('Øystre Slidre', 'Oppland');
INSERT INTO municipality(municipality, county) VALUES('Vang', 'Oppland');
INSERT INTO municipality(municipality, county) VALUES('Drammen', 'Buskerud');
INSERT INTO municipality(municipality, county) VALUES('Kongsberg', 'Buskerud');
INSERT INTO municipality(municipality, county) VALUES('Ringerike', 'Buskerud');
INSERT INTO municipality(municipality, county) VALUES('Hole', 'Buskerud');
INSERT INTO municipality(municipality, county) VALUES('Flå', 'Buskerud');
INSERT INTO municipality(municipality, county) VALUES('Nes', 'Buskerud');
INSERT INTO municipality(municipality, county) VALUES('Gol', 'Buskerud');
INSERT INTO municipality(municipality, county) VALUES('Hemsedal', 'Buskerud');
INSERT INTO municipality(municipality, county) VALUES('Ål', 'Buskerud');
INSERT INTO municipality(municipality, county) VALUES('Hol', 'Buskerud');
INSERT INTO municipality(municipality, county) VALUES('Sigdal', 'Buskerud');
INSERT INTO municipality(municipality, county) VALUES('Krødsherad', 'Buskerud');
INSERT INTO municipality(municipality, county) VALUES('Modum', 'Buskerud');
INSERT INTO municipality(municipality, county) VALUES('Øvre Eiker', 'Buskerud');
INSERT INTO municipality(municipality, county) VALUES('Nedre Eiker', 'Buskerud');
INSERT INTO municipality(municipality, county) VALUES('Lier', 'Buskerud');
INSERT INTO municipality(municipality, county) VALUES('Røyken', 'Buskerud');
INSERT INTO municipality(municipality, county) VALUES('Hurum', 'Buskerud');
INSERT INTO municipality(municipality, county) VALUES('Flesberg', 'Buskerud');
INSERT INTO municipality(municipality, county) VALUES('Rollag', 'Buskerud');
INSERT INTO municipality(municipality, county) VALUES('Nore og Uvdal', 'Buskerud');
INSERT INTO municipality(municipality, county) VALUES('Horten', 'Vestfold');
INSERT INTO municipality(municipality, county) VALUES('Tønsberg', 'Vestfold');
INSERT INTO municipality(municipality, county) VALUES('Sandefjord', 'Vestfold');
INSERT INTO municipality(municipality, county) VALUES('Svelvik', 'Vestfold');
INSERT INTO municipality(municipality, county) VALUES('Larvik', 'Vestfold');
INSERT INTO municipality(municipality, county) VALUES('Sande', 'Vestfold');
INSERT INTO municipality(municipality, county) VALUES('Holmestrand', 'Vestfold');
INSERT INTO municipality(municipality, county) VALUES('Re', 'Vestfold');
INSERT INTO municipality(municipality, county) VALUES('Færder', 'Vestfold');
INSERT INTO municipality(municipality, county) VALUES('Porsgrunn', 'Telemark');
INSERT INTO municipality(municipality, county) VALUES('Skien', 'Telemark');
INSERT INTO municipality(municipality, county) VALUES('Notodden', 'Telemark');
INSERT INTO municipality(municipality, county) VALUES('Siljan', 'Telemark');
INSERT INTO municipality(municipality, county) VALUES('Bamble', 'Telemark');
INSERT INTO municipality(municipality, county) VALUES('Kragerø', 'Telemark');
INSERT INTO municipality(municipality, county) VALUES('Drangedal', 'Telemark');
INSERT INTO municipality(municipality, county) VALUES('Nome', 'Telemark');
INSERT INTO municipality(municipality, county) VALUES('Bø', 'Telemark');
INSERT INTO municipality(municipality, county) VALUES('Sauherad', 'Telemark');
INSERT INTO municipality(municipality, county) VALUES('Tinn', 'Telemark');
INSERT INTO municipality(municipality, county) VALUES('Hjartdal', 'Telemark');
INSERT INTO municipality(municipality, county) VALUES('Seljord', 'Telemark');
INSERT INTO municipality(municipality, county) VALUES('Kviteseid', 'Telemark');
INSERT INTO municipality(municipality, county) VALUES('Nissedal', 'Telemark');
INSERT INTO municipality(municipality, county) VALUES('Fyresdal', 'Telemark');
INSERT INTO municipality(municipality, county) VALUES('Tokke', 'Telemark');
INSERT INTO municipality(municipality, county) VALUES('Vinje', 'Telemark');
INSERT INTO municipality(municipality, county) VALUES('Risør', 'Aust-Agder');
INSERT INTO municipality(municipality, county) VALUES('Grimstad', 'Aust-Agder');
INSERT INTO municipality(municipality, county) VALUES('Arendal', 'Aust-Agder');
INSERT INTO municipality(municipality, county) VALUES('Gjerstad', 'Aust-Agder');
INSERT INTO municipality(municipality, county) VALUES('Vegårshei', 'Aust-Agder');
INSERT INTO municipality(municipality, county) VALUES('Tvedestrand', 'Aust-Agder');
INSERT INTO municipality(municipality, county) VALUES('Froland', 'Aust-Agder');
INSERT INTO municipality(municipality, county) VALUES('Lillesand', 'Aust-Agder');
INSERT INTO municipality(municipality, county) VALUES('Birkenes', 'Aust-Agder');
INSERT INTO municipality(municipality, county) VALUES('Åmli', 'Aust-Agder');
INSERT INTO municipality(municipality, county) VALUES('Iveland', 'Aust-Agder');
INSERT INTO municipality(municipality, county) VALUES('Evje og Hornnes', 'Aust-Agder');
INSERT INTO municipality(municipality, county) VALUES('Bygland', 'Aust-Agder');
INSERT INTO municipality(municipality, county) VALUES('Valle', 'Aust-Agder');
INSERT INTO municipality(municipality, county) VALUES('Bykle', 'Aust-Agder');
INSERT INTO municipality(municipality, county) VALUES('Kristiansand', 'Vest-Agder');
INSERT INTO municipality(municipality, county) VALUES('Mandal', 'Vest-Agder');
INSERT INTO municipality(municipality, county) VALUES('Farsund', 'Vest-Agder');
INSERT INTO municipality(municipality, county) VALUES('Flekkefjord', 'Vest-Agder');
INSERT INTO municipality(municipality, county) VALUES('Vennesla', 'Vest-Agder');
INSERT INTO municipality(municipality, county) VALUES('Songdalen', 'Vest-Agder');
INSERT INTO municipality(municipality, county) VALUES('Søgne', 'Vest-Agder');
INSERT INTO municipality(municipality, county) VALUES('Marnardal', 'Vest-Agder');
INSERT INTO municipality(municipality, county) VALUES('Åseral', 'Vest-Agder');
INSERT INTO municipality(municipality, county) VALUES('Audnedal', 'Vest-Agder');
INSERT INTO municipality(municipality, county) VALUES('Lindesnes', 'Vest-Agder');
INSERT INTO municipality(municipality, county) VALUES('Lyngdal', 'Vest-Agder');
INSERT INTO municipality(municipality, county) VALUES('Hægebostad', 'Vest-Agder');
INSERT INTO municipality(municipality, county) VALUES('Kvinesdal', 'Vest-Agder');
INSERT INTO municipality(municipality, county) VALUES('Sirdal', 'Vest-Agder');
INSERT INTO municipality(municipality, county) VALUES('Eigersund', 'Rogaland');
INSERT INTO municipality(municipality, county) VALUES('Sandnes', 'Rogaland');
INSERT INTO municipality(municipality, county) VALUES('Stavanger', 'Rogaland');
INSERT INTO municipality(municipality, county) VALUES('Haugesund', 'Rogaland');
INSERT INTO municipality(municipality, county) VALUES('Sokndal', 'Rogaland');
INSERT INTO municipality(municipality, county) VALUES('Lund', 'Rogaland');
INSERT INTO municipality(municipality, county) VALUES('Bjerkreim', 'Rogaland');
INSERT INTO municipality(municipality, county) VALUES('Hå', 'Rogaland');
INSERT INTO municipality(municipality, county) VALUES('Klepp', 'Rogaland');
INSERT INTO municipality(municipality, county) VALUES('Time', 'Rogaland');
INSERT INTO municipality(municipality, county) VALUES('Gjesdal', 'Rogaland');
INSERT INTO municipality(municipality, county) VALUES('Sola', 'Rogaland');
INSERT INTO municipality(municipality, county) VALUES('Randaberg', 'Rogaland');
INSERT INTO municipality(municipality, county) VALUES('Forsand', 'Rogaland');
INSERT INTO municipality(municipality, county) VALUES('Strand', 'Rogaland');
INSERT INTO municipality(municipality, county) VALUES('Hjelmeland', 'Rogaland');
INSERT INTO municipality(municipality, county) VALUES('Suldal', 'Rogaland');
INSERT INTO municipality(municipality, county) VALUES('Sauda', 'Rogaland');
INSERT INTO municipality(municipality, county) VALUES('Finnøy', 'Rogaland');
INSERT INTO municipality(municipality, county) VALUES('Rennesøy', 'Rogaland');
INSERT INTO municipality(municipality, county) VALUES('Kvitsøy', 'Rogaland');
INSERT INTO municipality(municipality, county) VALUES('Bokn', 'Rogaland');
INSERT INTO municipality(municipality, county) VALUES('Tysvær', 'Rogaland');
INSERT INTO municipality(municipality, county) VALUES('Karmøy', 'Rogaland');
INSERT INTO municipality(municipality, county) VALUES('Utsira', 'Rogaland');
INSERT INTO municipality(municipality, county) VALUES('Vindafjord', 'Rogaland');
INSERT INTO municipality(municipality, county) VALUES('Bergen', 'Hordaland');
INSERT INTO municipality(municipality, county) VALUES('Etne', 'Hordaland');
INSERT INTO municipality(municipality, county) VALUES('Sveio', 'Hordaland');
INSERT INTO municipality(municipality, county) VALUES('Bømlo', 'Hordaland');
INSERT INTO municipality(municipality, county) VALUES('Stord', 'Hordaland');
INSERT INTO municipality(municipality, county) VALUES('Fitjar', 'Hordaland');
INSERT INTO municipality(municipality, county) VALUES('Tysnes', 'Hordaland');
INSERT INTO municipality(municipality, county) VALUES('Kvinnherad', 'Hordaland');
INSERT INTO municipality(municipality, county) VALUES('Jondal', 'Hordaland');
INSERT INTO municipality(municipality, county) VALUES('Odda', 'Hordaland');
INSERT INTO municipality(municipality, county) VALUES('Ullensvang', 'Hordaland');
INSERT INTO municipality(municipality, county) VALUES('Eidfjord', 'Hordaland');
INSERT INTO municipality(municipality, county) VALUES('Ulvik', 'Hordaland');
INSERT INTO municipality(municipality, county) VALUES('Granvin', 'Hordaland');
INSERT INTO municipality(municipality, county) VALUES('Voss', 'Hordaland');
INSERT INTO municipality(municipality, county) VALUES('Kvam', 'Hordaland');
INSERT INTO municipality(municipality, county) VALUES('Fusa', 'Hordaland');
INSERT INTO municipality(municipality, county) VALUES('Samnanger', 'Hordaland');
INSERT INTO municipality(municipality, county) VALUES('Os', 'Hordaland');
INSERT INTO municipality(municipality, county) VALUES('Austevoll', 'Hordaland');
INSERT INTO municipality(municipality, county) VALUES('Sund', 'Hordaland');
INSERT INTO municipality(municipality, county) VALUES('Fjell', 'Hordaland');
INSERT INTO municipality(municipality, county) VALUES('Askøy', 'Hordaland');
INSERT INTO municipality(municipality, county) VALUES('Vaksdal', 'Hordaland');
INSERT INTO municipality(municipality, county) VALUES('Modalen', 'Hordaland');
INSERT INTO municipality(municipality, county) VALUES('Osterøy', 'Hordaland');
INSERT INTO municipality(municipality, county) VALUES('Meland', 'Hordaland');
INSERT INTO municipality(municipality, county) VALUES('Øygarden', 'Hordaland');
INSERT INTO municipality(municipality, county) VALUES('Radøy', 'Hordaland');
INSERT INTO municipality(municipality, county) VALUES('Lindås', 'Hordaland');
INSERT INTO municipality(municipality, county) VALUES('Austrheim', 'Hordaland');
INSERT INTO municipality(municipality, county) VALUES('Fedje', 'Hordaland');
INSERT INTO municipality(municipality, county) VALUES('Masfjorden', 'Hordaland');
INSERT INTO municipality(municipality, county) VALUES('Flora', 'Sogn og Fjordane');
INSERT INTO municipality(municipality, county) VALUES('Gulen', 'Sogn og Fjordane');
INSERT INTO municipality(municipality, county) VALUES('Solund', 'Sogn og Fjordane');
INSERT INTO municipality(municipality, county) VALUES('Hyllestad', 'Sogn og Fjordane');
INSERT INTO municipality(municipality, county) VALUES('Høyanger', 'Sogn og Fjordane');
INSERT INTO municipality(municipality, county) VALUES('Vik', 'Sogn og Fjordane');
INSERT INTO municipality(municipality, county) VALUES('Balestrand', 'Sogn og Fjordane');
INSERT INTO municipality(municipality, county) VALUES('Leikanger', 'Sogn og Fjordane');
INSERT INTO municipality(municipality, county) VALUES('Sogndal', 'Sogn og Fjordane');
INSERT INTO municipality(municipality, county) VALUES('Aurland', 'Sogn og Fjordane');
INSERT INTO municipality(municipality, county) VALUES('Lærdal', 'Sogn og Fjordane');
INSERT INTO municipality(municipality, county) VALUES('Årdal', 'Sogn og Fjordane');
INSERT INTO municipality(municipality, county) VALUES('Luster', 'Sogn og Fjordane');
INSERT INTO municipality(municipality, county) VALUES('Askvoll', 'Sogn og Fjordane');
INSERT INTO municipality(municipality, county) VALUES('Fjaler', 'Sogn og Fjordane');
INSERT INTO municipality(municipality, county) VALUES('Gaular', 'Sogn og Fjordane');
INSERT INTO municipality(municipality, county) VALUES('Jølster', 'Sogn og Fjordane');
INSERT INTO municipality(municipality, county) VALUES('Førde', 'Sogn og Fjordane');
INSERT INTO municipality(municipality, county) VALUES('Naustdal', 'Sogn og Fjordane');
INSERT INTO municipality(municipality, county) VALUES('Bremanger', 'Sogn og Fjordane');
INSERT INTO municipality(municipality, county) VALUES('Vågsøy', 'Sogn og Fjordane');
INSERT INTO municipality(municipality, county) VALUES('Selje', 'Sogn og Fjordane');
INSERT INTO municipality(municipality, county) VALUES('Eid', 'Sogn og Fjordane');
INSERT INTO municipality(municipality, county) VALUES('Hornindal', 'Sogn og Fjordane');
INSERT INTO municipality(municipality, county) VALUES('Gloppen', 'Sogn og Fjordane');
INSERT INTO municipality(municipality, county) VALUES('Stryn', 'Sogn og Fjordane');
INSERT INTO municipality(municipality, county) VALUES('Molde', 'Møre og Romsdal');
INSERT INTO municipality(municipality, county) VALUES('Ålesund', 'Møre og Romsdal');
INSERT INTO municipality(municipality, county) VALUES('Kristiansund', 'Møre og Romsdal');
INSERT INTO municipality(municipality, county) VALUES('Vanylven', 'Møre og Romsdal');
INSERT INTO municipality(municipality, county) VALUES('Sande', 'Møre og Romsdal');
INSERT INTO municipality(municipality, county) VALUES('Herøy', 'Møre og Romsdal');
INSERT INTO municipality(municipality, county) VALUES('Ulstein', 'Møre og Romsdal');
INSERT INTO municipality(municipality, county) VALUES('Hareid', 'Møre og Romsdal');
INSERT INTO municipality(municipality, county) VALUES('Volda', 'Møre og Romsdal');
INSERT INTO municipality(municipality, county) VALUES('Ørsta', 'Møre og Romsdal');
INSERT INTO municipality(municipality, county) VALUES('Ørskog', 'Møre og Romsdal');
INSERT INTO municipality(municipality, county) VALUES('Norddal', 'Møre og Romsdal');
INSERT INTO municipality(municipality, county) VALUES('Stranda', 'Møre og Romsdal');
INSERT INTO municipality(municipality, county) VALUES('Stordal', 'Møre og Romsdal');
INSERT INTO municipality(municipality, county) VALUES('Sykkylven', 'Møre og Romsdal');
INSERT INTO municipality(municipality, county) VALUES('Skodje', 'Møre og Romsdal');
INSERT INTO municipality(municipality, county) VALUES('Sula', 'Møre og Romsdal');
INSERT INTO municipality(municipality, county) VALUES('Giske', 'Møre og Romsdal');
INSERT INTO municipality(municipality, county) VALUES('Haram', 'Møre og Romsdal');
INSERT INTO municipality(municipality, county) VALUES('Vestnes', 'Møre og Romsdal');
INSERT INTO municipality(municipality, county) VALUES('Rauma', 'Møre og Romsdal');
INSERT INTO municipality(municipality, county) VALUES('Nesset', 'Møre og Romsdal');
INSERT INTO municipality(municipality, county) VALUES('Midsund', 'Møre og Romsdal');
INSERT INTO municipality(municipality, county) VALUES('Sandøy', 'Møre og Romsdal');
INSERT INTO municipality(municipality, county) VALUES('Aukra', 'Møre og Romsdal');
INSERT INTO municipality(municipality, county) VALUES('Fræna', 'Møre og Romsdal');
INSERT INTO municipality(municipality, county) VALUES('Eide', 'Møre og Romsdal');
INSERT INTO municipality(municipality, county) VALUES('Averøy', 'Møre og Romsdal');
INSERT INTO municipality(municipality, county) VALUES('Gjemnes', 'Møre og Romsdal');
INSERT INTO municipality(municipality, county) VALUES('Tingvoll', 'Møre og Romsdal');
INSERT INTO municipality(municipality, county) VALUES('Sunndal', 'Møre og Romsdal');
INSERT INTO municipality(municipality, county) VALUES('Surnadal', 'Møre og Romsdal');
INSERT INTO municipality(municipality, county) VALUES('Halsa', 'Møre og Romsdal');
INSERT INTO municipality(municipality, county) VALUES('Smøla', 'Møre og Romsdal');
INSERT INTO municipality(municipality, county) VALUES('Aure', 'Møre og Romsdal');
INSERT INTO municipality(municipality, county) VALUES('Bodø', 'Nordland');
INSERT INTO municipality(municipality, county) VALUES('Narvik', 'Nordland');
INSERT INTO municipality(municipality, county) VALUES('Bindal', 'Nordland');
INSERT INTO municipality(municipality, county) VALUES('Sømna', 'Nordland');
INSERT INTO municipality(municipality, county) VALUES('Brønnøy', 'Nordland');
INSERT INTO municipality(municipality, county) VALUES('Vega', 'Nordland');
INSERT INTO municipality(municipality, county) VALUES('Vevelstad', 'Nordland');
INSERT INTO municipality(municipality, county) VALUES('Herøy', 'Nordland');
INSERT INTO municipality(municipality, county) VALUES('Alstahaug', 'Nordland');
INSERT INTO municipality(municipality, county) VALUES('Leirfjord', 'Nordland');
INSERT INTO municipality(municipality, county) VALUES('Vefsn', 'Nordland');
INSERT INTO municipality(municipality, county) VALUES('Grane', 'Nordland');
INSERT INTO municipality(municipality, county) VALUES('Hattfjelldal', 'Nordland');
INSERT INTO municipality(municipality, county) VALUES('Dønna', 'Nordland');
INSERT INTO municipality(municipality, county) VALUES('Nesna', 'Nordland');
INSERT INTO municipality(municipality, county) VALUES('Hemnes', 'Nordland');
INSERT INTO municipality(municipality, county) VALUES('Rana', 'Nordland');
INSERT INTO municipality(municipality, county) VALUES('Lurøy', 'Nordland');
INSERT INTO municipality(municipality, county) VALUES('Træna', 'Nordland');
INSERT INTO municipality(municipality, county) VALUES('Rødøy', 'Nordland');
INSERT INTO municipality(municipality, county) VALUES('Meløy', 'Nordland');
INSERT INTO municipality(municipality, county) VALUES('Gildeskål', 'Nordland');
INSERT INTO municipality(municipality, county) VALUES('Beiarn', 'Nordland');
INSERT INTO municipality(municipality, county) VALUES('Saltdal', 'Nordland');
INSERT INTO municipality(municipality, county) VALUES('Fauske', 'Nordland');
INSERT INTO municipality(municipality, county) VALUES('Sørfold', 'Nordland');
INSERT INTO municipality(municipality, county) VALUES('Steigen', 'Nordland');
INSERT INTO municipality(municipality, county) VALUES('Hamarøy', 'Nordland');
INSERT INTO municipality(municipality, county) VALUES('Tysfjord', 'Nordland');
INSERT INTO municipality(municipality, county) VALUES('Lødingen', 'Nordland');
INSERT INTO municipality(municipality, county) VALUES('Tjeldsund', 'Nordland');
INSERT INTO municipality(municipality, county) VALUES('Evenes', 'Nordland');
INSERT INTO municipality(municipality, county) VALUES('Ballangen', 'Nordland');
INSERT INTO municipality(municipality, county) VALUES('Røst', 'Nordland');
INSERT INTO municipality(municipality, county) VALUES('Værøy', 'Nordland');
INSERT INTO municipality(municipality, county) VALUES('Flakstad', 'Nordland');
INSERT INTO municipality(municipality, county) VALUES('Vestvågøy', 'Nordland');
INSERT INTO municipality(municipality, county) VALUES('Vågan', 'Nordland');
INSERT INTO municipality(municipality, county) VALUES('Hadsel', 'Nordland');
INSERT INTO municipality(municipality, county) VALUES('Bø', 'Nordland');
INSERT INTO municipality(municipality, county) VALUES('Øksnes', 'Nordland');
INSERT INTO municipality(municipality, county) VALUES('Sortland', 'Nordland');
INSERT INTO municipality(municipality, county) VALUES('Andøy', 'Nordland');
INSERT INTO municipality(municipality, county) VALUES('Moskenes', 'Nordland');
INSERT INTO municipality(municipality, county) VALUES('Harstad[13]', 'Troms');
INSERT INTO municipality(municipality, county) VALUES('Tromsø', 'Troms');
INSERT INTO municipality(municipality, county) VALUES('Kvæfjord', 'Troms');
INSERT INTO municipality(municipality, county) VALUES('Skånland', 'Troms');
INSERT INTO municipality(municipality, county) VALUES('Ibestad', 'Troms');
INSERT INTO municipality(municipality, county) VALUES('Gratangen', 'Troms');
INSERT INTO municipality(municipality, county) VALUES('Lavangen', 'Troms');
INSERT INTO municipality(municipality, county) VALUES('Bardu', 'Troms');
INSERT INTO municipality(municipality, county) VALUES('Salangen', 'Troms');
INSERT INTO municipality(municipality, county) VALUES('Målselv', 'Troms');
INSERT INTO municipality(municipality, county) VALUES('Sørreisa', 'Troms');
INSERT INTO municipality(municipality, county) VALUES('Dyrøy', 'Troms');
INSERT INTO municipality(municipality, county) VALUES('Tranøy', 'Troms');
INSERT INTO municipality(municipality, county) VALUES('Torsken', 'Troms');
INSERT INTO municipality(municipality, county) VALUES('Berg', 'Troms');
INSERT INTO municipality(municipality, county) VALUES('Lenvik', 'Troms');
INSERT INTO municipality(municipality, county) VALUES('Balsfjord', 'Troms');
INSERT INTO municipality(municipality, county) VALUES('Karlsøy', 'Troms');
INSERT INTO municipality(municipality, county) VALUES('Lyngen', 'Troms');
INSERT INTO municipality(municipality, county) VALUES('Storfjord', 'Troms');
INSERT INTO municipality(municipality, county) VALUES('Kåfjord', 'Troms');
INSERT INTO municipality(municipality, county) VALUES('Skjervøy', 'Troms');
INSERT INTO municipality(municipality, county) VALUES('Nordreisa', 'Troms');
INSERT INTO municipality(municipality, county) VALUES('Kvænangen', 'Troms');
INSERT INTO municipality(municipality, county) VALUES('Vardø', 'Finnmark');
INSERT INTO municipality(municipality, county) VALUES('Vadsø', 'Finnmark');
INSERT INTO municipality(municipality, county) VALUES('Hammerfest', 'Finnmark');
INSERT INTO municipality(municipality, county) VALUES('Kautokeino', 'Finnmark');
INSERT INTO municipality(municipality, county) VALUES('Alta', 'Finnmark');
INSERT INTO municipality(municipality, county) VALUES('Loppa', 'Finnmark');
INSERT INTO municipality(municipality, county) VALUES('Hasvik', 'Finnmark');
INSERT INTO municipality(municipality, county) VALUES('Kvalsund', 'Finnmark');
INSERT INTO municipality(municipality, county) VALUES('Måsøy', 'Finnmark');
INSERT INTO municipality(municipality, county) VALUES('Nordkapp', 'Finnmark');
INSERT INTO municipality(municipality, county) VALUES('Porsanger', 'Finnmark');
INSERT INTO municipality(municipality, county) VALUES('Karasjok', 'Finnmark');
INSERT INTO municipality(municipality, county) VALUES('Lebesby', 'Finnmark');
INSERT INTO municipality(municipality, county) VALUES('Gamvik', 'Finnmark');
INSERT INTO municipality(municipality, county) VALUES('Berlevåg', 'Finnmark');
INSERT INTO municipality(municipality, county) VALUES('Tana', 'Finnmark');
INSERT INTO municipality(municipality, county) VALUES('Nesseby', 'Finnmark');
INSERT INTO municipality(municipality, county) VALUES('Båtsfjord', 'Finnmark');
INSERT INTO municipality(municipality, county) VALUES('Sør-Varanger', 'Finnmark');
INSERT INTO municipality(municipality, county) VALUES('Trondheim', 'Trøndelag');
INSERT INTO municipality(municipality, county) VALUES('Steinkjer', 'Trøndelag');
INSERT INTO municipality(municipality, county) VALUES('Namsos', 'Trøndelag');
INSERT INTO municipality(municipality, county) VALUES('Hemne', 'Trøndelag');
INSERT INTO municipality(municipality, county) VALUES('Snillfjord', 'Trøndelag');
INSERT INTO municipality(municipality, county) VALUES('Hitra', 'Trøndelag');
INSERT INTO municipality(municipality, county) VALUES('Frøya', 'Trøndelag');
INSERT INTO municipality(municipality, county) VALUES('Ørland', 'Trøndelag');
INSERT INTO municipality(municipality, county) VALUES('Agdenes', 'Trøndelag');
INSERT INTO municipality(municipality, county) VALUES('Bjugn', 'Trøndelag');
INSERT INTO municipality(municipality, county) VALUES('Åfjord', 'Trøndelag');
INSERT INTO municipality(municipality, county) VALUES('Roan', 'Trøndelag');
INSERT INTO municipality(municipality, county) VALUES('Osen', 'Trøndelag');
INSERT INTO municipality(municipality, county) VALUES('Oppdal', 'Trøndelag');
INSERT INTO municipality(municipality, county) VALUES('Rennebu', 'Trøndelag');
INSERT INTO municipality(municipality, county) VALUES('Meldal', 'Trøndelag');
INSERT INTO municipality(municipality, county) VALUES('Orkdal', 'Trøndelag');
INSERT INTO municipality(municipality, county) VALUES('Røros', 'Trøndelag');
INSERT INTO municipality(municipality, county) VALUES('Holtålen', 'Trøndelag');
INSERT INTO municipality(municipality, county) VALUES('Midtre Gauldal', 'Trøndelag');
INSERT INTO municipality(municipality, county) VALUES('Melhus', 'Trøndelag');
INSERT INTO municipality(municipality, county) VALUES('Skaun', 'Trøndelag');
INSERT INTO municipality(municipality, county) VALUES('Klæbu', 'Trøndelag');
INSERT INTO municipality(municipality, county) VALUES('Malvik', 'Trøndelag');
INSERT INTO municipality(municipality, county) VALUES('Selbu', 'Trøndelag');
INSERT INTO municipality(municipality, county) VALUES('Tydal', 'Trøndelag');
INSERT INTO municipality(municipality, county) VALUES('Meråker', 'Trøndelag');
INSERT INTO municipality(municipality, county) VALUES('Stjørdal', 'Trøndelag');
INSERT INTO municipality(municipality, county) VALUES('Frosta', 'Trøndelag');
INSERT INTO municipality(municipality, county) VALUES('Levanger', 'Trøndelag');
INSERT INTO municipality(municipality, county) VALUES('Verdal', 'Trøndelag');
INSERT INTO municipality(municipality, county) VALUES('Verran', 'Trøndelag');
INSERT INTO municipality(municipality, county) VALUES('Namdalseid', 'Trøndelag');
INSERT INTO municipality(municipality, county) VALUES('Snåsa', 'Trøndelag');
INSERT INTO municipality(municipality, county) VALUES('Lierne', 'Trøndelag');
INSERT INTO municipality(municipality, county) VALUES('Røyrvik', 'Trøndelag');
INSERT INTO municipality(municipality, county) VALUES('Namsskogan', 'Trøndelag');
INSERT INTO municipality(municipality, county) VALUES('Grong', 'Trøndelag');
INSERT INTO municipality(municipality, county) VALUES('Høylandet', 'Trøndelag');
INSERT INTO municipality(municipality, county) VALUES('Overhalla', 'Trøndelag');
INSERT INTO municipality(municipality, county) VALUES('Fosnes', 'Trøndelag');
INSERT INTO municipality(municipality, county) VALUES('Flatanger', 'Trøndelag');
INSERT INTO municipality(municipality, county) VALUES('Vikna', 'Trøndelag');
INSERT INTO municipality(municipality, county) VALUES('Nærøy', 'Trøndelag');
INSERT INTO municipality(municipality, county) VALUES('Leka', 'Trøndelag');
INSERT INTO municipality(municipality, county) VALUES('Inderøy', 'Trøndelag');
INSERT INTO municipality(municipality, county) VALUES('Indre Fosen', 'Trøndelag');
INSERT INTO municipality(municipality, county) VALUES('Rindal', 'Trøndelag');


INSERT INTO category VALUES('Hole in road');
INSERT INTO category VALUES('Tree in road');
INSERT INTO category VALUES('Snowplow');
INSERT INTO category VALUES('Testing');

INSERT INTO city VALUES('Trondheim');
INSERT INTO city VALUES('Vinstra');
INSERT INTO city VALUES('Tromsø');
INSERT INTO city VALUES('Oslo');

INSERT INTO street VALUES('Trondheimsveien');
INSERT INTO street VALUES('Kjeldeveien');
INSERT INTO street VALUES('Klostergata');
INSERT INTO street VALUES('Sverresgate');
INSERT INTO street VALUES('Mellomveien');
INSERT INTO street VALUES('Bispegata');


INSERT INTO status VALUES ('Unchecked');
INSERT INTO status VALUES ('InProgress');
INSERT INTO status VALUES ('Finished');



INSERT INTO priority VALUES ("Standard");
INSERT INTO priority VALUES ("Entrepreneur");
INSERT INTO priority VALUES ("Municipality");
INSERT INTO priority VALUES ("Administrator");


INSERT INTO user(email, password, municipality_fk, county_fk ,priority_fk, created, active) VALUES('user@user.user', 'ok',"Trondheim", "Trøndelag" ,"Standard", NOW(), 0);
INSERT INTO user(email, password, municipality_fk, county_fk ,priority_fk, created, active) VALUES('koma@koma.koma', 'ok',"Trondheim", "Trøndelag" ,"Municipality", NOW(), 1);
INSERT INTO user(email, password, municipality_fk, county_fk ,priority_fk, created, active) VALUES('entr@entr.entr', 'ok',"Trondheim", "Trøndelag" ,"Entrepreneur", NOW(), 1);
INSERT INTO user(email, password, municipality_fk, county_fk ,priority_fk, created, active) VALUES('admin@admin.admin', 'ok', "Trondheim", "Trøndelag" ,"Administrator", NOW(), 1);

INSERT INTO entrepreneur(businessName, org_nr, user_fk) VALUES("Arbeidsjøinn", "01", 4);
INSERT INTO entrepreneur(businessName, org_nr, user_fk) VALUES("Arbeidsjøinn", "01", 4);
INSERT INTO entrepreneur(businessName, org_nr, user_fk) VALUES("Arbeidsjøinn", "01", 4);

INSERT INTO entrepreneur_municipality(entrepreneur_fk, municipality_fk, county_fk) VALUES(1,"Oslo", "Oslo");
INSERT INTO entrepreneur_municipality(entrepreneur_fk, municipality_fk, county_fk) VALUES(1,"Tromsø", "Troms");

INSERT INTO entrepreneur_category(entrepreneur_fk, category_fk) VALUES(1,'Tree in road');
INSERT INTO entrepreneur_category(entrepreneur_fk, category_fk) VALUES(1,'Snowplow');

INSERT INTO problem(problem_title, problem_description, problem_locked, img_user,  category_fk, status_fk, user_fk, latitude, longitude, county_fk, municipality_fk, city_fk, street_fk, date_made)
VALUES("Erlend tried his best", "A big hole has been found in the rear of Erlend", FALSE, "https://scontent-arn2-1.xx.fbcdn.net/v/t1.0-9/37032713_1777400872353121_1971277099943591936_n.jpg?_nc_cat=111&_nc_ht=scontent-arn2-1.xx&oh=dbdfebda96c80ead5e55f1e45587efba&oe=5CBFFCF5", "Snowplow", "Unchecked", 1, 63.422724, 10.395582 ,"Trøndelag", "Trondheim", "Trondheim", "Klostergata", NOW());

INSERT INTO problem(problem_title, problem_description, problem_locked, img_user,  category_fk, status_fk, user_fk, latitude, longitude, county_fk, municipality_fk, city_fk, street_fk, date_made)
VALUES("Try", "Try try, much try - why no work? try try, so much try - hopw it will work...", FALSE, "https://scontent-arn2-1.xx.fbcdn.net/v/t1.0-9/37032713_1777400872353121_1971277099943591936_n.jpg?_nc_cat=111&_nc_ht=scontent-arn2-1.xx&oh=dbdfebda96c80ead5e55f1e45587efba&oe=5CBFFCF5", "Snowplow", "Unchecked", 5, 63.422724, 10.395582 ,"Trøndelag", "Trondheim", "Trondheim", "Klostergata", NOW());

INSERT INTO problem(problem_title, problem_description, problem_locked, img_user,  category_fk, status_fk, user_fk, latitude, longitude, county_fk, municipality_fk, city_fk, street_fk, date_made)
VALUES("Snorres big job", "I've done a oopsie", FALSE, "https://scontent-arn2-1.xx.fbcdn.net/v/t1.0-9/37032713_1777400872353121_1971277099943591936_n.jpg?_nc_cat=111&_nc_ht=scontent-arn2-1.xx&oh=dbdfebda96c80ead5e55f1e45587efba&oe=5CBFFCF5", "Tree in road", "Unchecked", 1, 61.596816, 9.769004, "Oppland", "Nord-Fron", "Vinstra", "Kjeldeveien", NOW());

INSERT INTO problem(problem_title, problem_description, problem_locked, img_user,  category_fk, status_fk, user_fk, entrepreneur_fk, latitude, longitude, county_fk, municipality_fk, city_fk, street_fk,date_made)
VALUES("Lars is best", "Gloria borger is the best news reporter", FALSE, "https://scontent-arn2-1.xx.fbcdn.net/v/t1.0-9/37032713_1777400872353121_1971277099943591936_n.jpg?_nc_cat=111&_nc_ht=scontent-arn2-1.xx&oh=dbdfebda96c80ead5e55f1e45587efba&oe=5CBFFCF5", "Tree in road", "InProgress", 1, 3 ,69.640726, 18.931592, "Troms", "Tromsø", "Tromsø", "Kjeldeveien", NOW());

INSERT INTO event(event_name, event_description, event_img, date_starting, date_ending, status_fk, municipality_fk, county_fk, city_fk, street_fk, latitude, longitude)
VALUES("SNORRES FORTNITE DANSEKURS", "HAR DU LYST TIL Å BLI DEN KULESTE PÅ DANSEGOLVET?!?! NÅ ER MULIGHETEN DIN HER. SNORRES BRAND NEW AND FRESH DANSE KURS SKAL STARTE OPP", "https://scontent-arn2-1.xx.fbcdn.net/v/t1.0-9/33335219_1930565946955617_4926743241346252800_o.jpg?_nc_cat=102&_nc_ht=scontent-arn2-1.xx&oh=4045e3465ad844be3be2fa56feb0e2e0&oe=5CFEFA28", "2019-01-18 10:30:00", "2019-01-20 23:59:59", "InProgress", "Trondheim", "Trøndelag", "Trondheim", "Klostergata", 63.422724, 10.395582);

INSERT INTO event(event_name, event_description, event_img, date_starting, date_ending, status_fk, municipality_fk, county_fk, city_fk, street_fk, latitude, longitude)
VALUES("Simen's skogtur", "Gutten skal på tur og nå er det din mulighet å bli med. Nei, dette har ingenting med skogtur filmen.", "https://scontent-arn2-1.xx.fbcdn.net/v/t1.0-9/13892175_1012382942215365_2249318160119281179_n.jpg?_nc_cat=103&_nc_ht=scontent-arn2-1.xx&oh=a2e31243c4bf6a7871257b3421ceb301&oe=5CBF5E34", "2019-01-18 10:30:00", "2019-01-20 23:59:59", "InProgress", "Trondheim", "Trøndelag", "Trondheim", "Bispegata", 63.427619, 10.395435);

INSERT INTO event(event_name, event_description, event_img, date_starting, date_ending, status_fk, municipality_fk, county_fk, city_fk, street_fk, latitude, longitude)
VALUES("ESA MØTER OPP PÅ BYFEST!!", "ÅRET ER NYTT OG DET ER PÅTIDE MED EN NY BYFEST! I år har vi gleden av å med dele at ESA kommer! Fantastisk er det ikke? Elisabeth, Sindre og Anette er klare for å skape fart,spenning og kjærleik med sin helt utrolige folke musikk. Sindre på banjo, Elisabeth på munnspill og Anette på munnharpe. To ord: GLED DERE", "https://i.pinimg.com/originals/8d/4e/4e/8d4e4ea8012c4c8dd6a9a4ba7f746422.jpg", "2019-01-18 10:30:00", "2019-01-20 23:59:59", "InProgress", "Nord-Fron", "Oppland",  "Vinstra", "Kjeldeveien", 61.593929, 9.751860);
